<?xml version="1.0" encoding="utf-8"?>
<feed xmlns="http://www.w3.org/2005/Atom">
  <title>Roy</title>
  <icon>https://aigxo.com/icon.png</icon>
  <subtitle>Just So So ...</subtitle>
  <link href="/atom.xml" rel="self"/>
  
  <link href="https://aigxo.com/"/>
  <updated>2020-07-11T04:51:29.000Z</updated>
  <id>https://aigxo.com/</id>
  
  <author>
    <name>Roy Leo</name>
    
  </author>
  
  <generator uri="https://hexo.io/">Hexo</generator>
  
  <entry>
    <title>Namesilo优惠码和域名解析教程（附带服务器购买推荐和注意事项）</title>
    <link href="https://aigxo.com/posts/39702/"/>
    <id>https://aigxo.com/posts/39702/</id>
    <published>2020-07-10T09:25:44.000Z</published>
    <updated>2020-07-11T04:51:29.000Z</updated>
    
    <summary type="html">
    
      &lt;p&gt;Namesilo是国外最大的ICANN认证域名提供商之一，以物美价廉的优势积累了不错的口碑。费用方面，其域名注册费用相较国内来说便宜不少，&lt;/p&gt;
    
    </summary>
    
    
      <category term="服务器" scheme="https://aigxo.com/categories/%E6%9C%8D%E5%8A%A1%E5%99%A8/"/>
    
      <category term="域名" scheme="https://aigxo.com/categories/%E6%9C%8D%E5%8A%A1%E5%99%A8/%E5%9F%9F%E5%90%8D/"/>
    
    
  </entry>
  
  <entry>
    <title>【从0开始搭建个人博客】自建服务器，搭建一个typecho博客</title>
    <link href="https://aigxo.com/posts/8739/"/>
    <id>https://aigxo.com/posts/8739/</id>
    <published>2020-07-10T09:25:30.000Z</published>
    <updated>2020-07-11T04:51:07.000Z</updated>
    
    <summary type="html">
    
      
      
        
        
          &lt;p&gt;上一篇讲了域名购买和服务器的选择。&lt;/p&gt;
&lt;p&gt;现在，服务器买好了，域名也完成了解析，是时候开始主线任务——自建博客了。&lt;/p&gt;
&lt;p&gt;首先我们先在服务上面安装一个&lt;a href=&quot;https://www.bt.cn/&quot; target=&quot;_blank&quot;
        
      
    
    </summary>
    
    
      <category term="服务器" scheme="https://aigxo.com/categories/%E6%9C%8D%E5%8A%A1%E5%99%A8/"/>
    
      <category term="Typecho博客" scheme="https://aigxo.com/categories/%E6%9C%8D%E5%8A%A1%E5%99%A8/Typecho%E5%8D%9A%E5%AE%A2/"/>
    
    
  </entry>
  
  <entry>
    <title>安利一个我正在使用的梯子（2020年5月21日更新）</title>
    <link href="https://aigxo.com/posts/37550/"/>
    <id>https://aigxo.com/posts/37550/</id>
    <published>2020-07-10T09:25:15.000Z</published>
    <updated>2020-07-11T04:50:12.000Z</updated>
    
    <summary type="html">
    
      
      
        
        
          &lt;p&gt;主要用于科学上网，像写代码经常需要Google的，百度简直有毒。&lt;/p&gt;
&lt;p&gt;还有看下YouTube、谷歌相册同步备份，都挺快。&lt;/p&gt;
&lt;p&gt;买Lite版本即可（&lt;strong&gt;Lite版19美元&lt;/strong&gt;），转换为人民币140元一年，每月100G流量。&lt;/p&gt;
        
      
    
    </summary>
    
    
      <category term="魔法上网" scheme="https://aigxo.com/categories/%E9%AD%94%E6%B3%95%E4%B8%8A%E7%BD%91/"/>
    
    
  </entry>
  
  <entry>
    <title>标签外挂</title>
    <link href="https://aigxo.com/posts/59915/"/>
    <id>https://aigxo.com/posts/59915/</id>
    <published>2020-07-10T07:51:20.000Z</published>
    <updated>2020-07-10T15:56:23.000Z</updated>
    
    <summary type="html">
    
      
      
        
        
          &lt;div class=&quot;tabs&quot; id=&quot;test4&quot;&gt;&lt;ul class=&quot;nav-tabs&quot;&gt;&lt;li class=&quot;tab active&quot;&gt;&lt;button data-href=&quot;#test4-1&quot;&gt;第一個Tab&lt;/button&gt;&lt;/li&gt;&lt;li
        
      
    
    </summary>
    
    
      <category term="uncategorized" scheme="https://aigxo.com/categories/uncategorized/"/>
    
    
  </entry>
  
  <entry>
    <title>利用rclone自动上传aria2下载的文件到onedrive或者googledrive</title>
    <link href="https://aigxo.com/posts/42628/"/>
    <id>https://aigxo.com/posts/42628/</id>
    <published>2020-06-17T04:56:47.000Z</published>
    <updated>2020-07-11T04:45:58.000Z</updated>
    
    <summary type="html">
    
      因为挂载了其实最终的目的还是转移到自己的云盘空间中，vps的硬盘能有多大，要折腾都是在云盘中。如果你是土豪当我没说。
    
    </summary>
    
    
      <category term="服务器" scheme="https://aigxo.com/categories/%E6%9C%8D%E5%8A%A1%E5%99%A8/"/>
    
      <category term="网盘" scheme="https://aigxo.com/categories/%E6%9C%8D%E5%8A%A1%E5%99%A8/%E7%BD%91%E7%9B%98/"/>
    
    
  </entry>
  
  <entry>
    <title>将Hexo部署到阿里云轻量服务器（保姆级教程）</title>
    <link href="https://aigxo.com/posts/45581/"/>
    <id>https://aigxo.com/posts/45581/</id>
    <published>2020-06-15T03:13:13.000Z</published>
    <updated>2020-07-11T04:45:33.000Z</updated>
    
    <summary type="html">
    
      作为有梦想的，有追求的程序员，有一个自己的个人博客简直就是必须品。
    
    </summary>
    
    
      <category term="服务器" scheme="https://aigxo.com/categories/%E6%9C%8D%E5%8A%A1%E5%99%A8/"/>
    
      <category term="Hexo" scheme="https://aigxo.com/categories/%E6%9C%8D%E5%8A%A1%E5%99%A8/Hexo/"/>
    
    
      <category term="Hexo" scheme="https://aigxo.com/tags/Hexo/"/>
    
  </entry>
  
  <entry>
    <title>CDN加速-隐藏真实IP-复活IP</title>
    <link href="https://aigxo.com/posts/23575/"/>
    <id>https://aigxo.com/posts/23575/</id>
    <published>2020-06-15T02:59:11.000Z</published>
    <updated>2020-07-11T04:49:56.000Z</updated>
    
    <summary type="html">
    
      
      
        
        
          &lt;h1 id=&quot;cdn加速-隐藏真实ip-复活ip&quot;&gt;&lt;a class=&quot;markdownIt-Anchor&quot; href=&quot;#cdn加速-隐藏真实ip-复活ip&quot;&gt;&lt;/a&gt; CDN加速 隐藏真实IP
        
      
    
    </summary>
    
    
      <category term="服务器" scheme="https://aigxo.com/categories/%E6%9C%8D%E5%8A%A1%E5%99%A8/"/>
    
      <category term="CDN" scheme="https://aigxo.com/categories/%E6%9C%8D%E5%8A%A1%E5%99%A8/CDN/"/>
    
    
  </entry>
  
  <entry>
    <title>一个极简且美观的多用户网盘程序：Veno-File-Manager-V3-4-8</title>
    <link href="https://aigxo.com/posts/61037/"/>
    <id>https://aigxo.com/posts/61037/</id>
    <published>2020-06-15T02:58:57.000Z</published>
    <updated>2020-07-11T04:49:33.000Z</updated>
    
    <summary type="html">
    
      说明：`Veno File Manager`估计很多人用过，极简而且功能强大，安装也简单，只要支持`PHP`即可，无需数据库。
    
    </summary>
    
    
      <category term="服务器" scheme="https://aigxo.com/categories/%E6%9C%8D%E5%8A%A1%E5%99%A8/"/>
    
      <category term="网盘" scheme="https://aigxo.com/categories/%E6%9C%8D%E5%8A%A1%E5%99%A8/%E7%BD%91%E7%9B%98/"/>
    
    
  </entry>
  
  <entry>
    <title>优秀网站推荐</title>
    <link href="https://aigxo.com/posts/49416/"/>
    <id>https://aigxo.com/posts/49416/</id>
    <published>2020-06-15T02:58:41.000Z</published>
    <updated>2020-07-11T04:44:56.000Z</updated>
    
    <summary type="html">
    
      推荐几个好网站。
    
    </summary>
    
    
      <category term="网站" scheme="https://aigxo.com/categories/%E7%BD%91%E7%AB%99/"/>
    
    
  </entry>
  
  <entry>
    <title>浅谈BGP与IPLC</title>
    <link href="https://aigxo.com/posts/27038/"/>
    <id>https://aigxo.com/posts/27038/</id>
    <published>2020-06-15T02:58:20.000Z</published>
    <updated>2020-07-11T04:48:58.000Z</updated>
    
    <summary type="html">
    
      网络线路分为公网和内网，99%用户使用的是走公网线路，并且大都采用合租的方式
    
    </summary>
    
    
      <category term="服务器" scheme="https://aigxo.com/categories/%E6%9C%8D%E5%8A%A1%E5%99%A8/"/>
    
      <category term="线路" scheme="https://aigxo.com/categories/%E6%9C%8D%E5%8A%A1%E5%99%A8/%E7%BA%BF%E8%B7%AF/"/>
    
    
  </entry>
  
  <entry>
    <title>上海！上海。</title>
    <link href="https://aigxo.com/posts/55515/"/>
    <id>https://aigxo.com/posts/55515/</id>
    <published>2020-05-17T06:29:00.000Z</published>
    <updated>2020-07-11T04:42:25.000Z</updated>
    
    <summary type="html">
    
      上班第三年，我又换了个住处。从原来的12站地铁，变成了4站。
    
    </summary>
    
    
      <category term="随笔" scheme="https://aigxo.com/categories/%E9%9A%8F%E7%AC%94/"/>
    
    
      <category term="essay" scheme="https://aigxo.com/tags/essay/"/>
    
  </entry>
  
  <entry>
    <title>Hello World</title>
    <link href="https://aigxo.com/posts/16107/"/>
    <id>https://aigxo.com/posts/16107/</id>
    <published>2016-03-30T13:12:21.000Z</published>
    <updated>2020-07-10T15:55:35.000Z</updated>
    
    <summary type="html">
    
      This is your very first post.
    
    </summary>
    
    
      <category term="uncategorized" scheme="https://aigxo.com/categories/uncategorized/"/>
    
    
      <category term="密码访问" scheme="https://aigxo.com/tags/%E5%AF%86%E7%A0%81%E8%AE%BF%E9%97%AE/"/>
    
  </entry>
  
</feed>
